Point_ID,Region,X,Y
1,head,294,9
2,head,289,13
3,head,283,18
4,head,281,26
5,head,281,33
6,head,281,40
7,head,278,44
8,head,278,50
9,head,284,28
10,head,286,37
11,head,282,36
12,head,278,39
13,head,282,46
14,head,284,53
15,head,283,57
16,head,284,62
17,head,289,56
18,head,291,47
19,head,288,49
20,head,286,42
21,head,292,40
22,head,294,44
23,head,294,32
24,head,291,33
25,head,288,26
26,head,285,21
27,head,287,31
28,head,294,26
29,head,290,19
30,head,293,20
31,head,294,15
32,head,299,13
33,head,298,7
34,head,302,9
35,head,307,10
36,head,310,11
37,head,314,14
38,head,317,16
39,head,320,20
40,head,318,23
41,head,312,20
42,head,307,13
43,head,306,17
44,head,300,17
45,head,301,23
46,head,297,22
47,head,301,28
48,head,305,22
49,head,309,24
50,head,307,28
51,head,305,31
52,head,299,33
53,head,296,37
54,head,298,42
55,head,301,38
56,head,307,36
57,head,311,30
58,head,315,27
59,head,321,25
60,head,321,29
61,head,319,33
62,head,321,38
63,head,323,40
64,head,324,43
65,head,324,48
66,head,321,46
67,head,316,39
68,head,314,33
69,head,311,36
70,head,310,41
71,head,305,42
72,head,301,46
73,head,295,49
74,head,294,52
75,head,298,52
76,head,306,50
77,head,309,46
78,head,314,46
79,head,317,49
80,head,322,52
81,head,318,53
82,head,312,50
83,head,312,54
84,head,304,55
85,head,299,56
86,head,294,59
87,head,290,62
88,head,287,66
89,head,284,69
90,head,292,67
91,head,297,64
92,head,300,60
93,head,304,63
94,head,309,58
95,head,312,62
96,head,316,59
97,head,317,64
98,head,317,70
99,head,310,67
100,head,303,67
101,head,298,69
102,head,290,71
103,head,285,73
104,head,306,71
105,head,311,72
106,head,317,75
107,head,301,73
108,head,295,73
109,head,282,77
110,head,290,78
111,head,298,77
112,head,306,77
113,head,312,78
114,head,319,79
115,arms,236,104
116,arms,230,110
117,arms,227,118
118,arms,223,125
119,arms,222,133
120,arms,221,141
121,arms,221,148
122,arms,221,156
123,arms,218,164
124,arms,217,171
125,arms,217,181
126,arms,216,189
127,arms,215,198
128,arms,214,204
129,arms,213,209
130,arms,211,215
131,arms,211,222
132,arms,210,231
133,arms,210,238
134,arms,209,244
135,arms,209,251
136,arms,210,259
137,arms,210,267
138,arms,210,275
139,arms,211,283
140,arms,208,287
141,arms,207,292
142,arms,204,298
143,arms,199,304
144,arms,199,310
145,arms,203,307
146,arms,203,314
147,arms,204,323
148,arms,203,332
149,arms,209,310
150,arms,214,301
151,arms,213,312
152,arms,212,320
153,arms,212,330
154,arms,212,338
155,arms,219,331
156,arms,221,322
157,arms,220,315
158,arms,224,310
159,arms,226,316
160,arms,227,323
161,arms,228,327
162,arms,209,314
163,arms,205,319
164,arms,204,327
165,arms,213,324
166,arms,204,335
167,arms,207,303
168,arms,202,300
169,arms,208,296
170,arms,212,304
171,arms,214,310
172,arms,216,305
173,arms,217,310
174,arms,213,316
175,arms,213,332
176,arms,219,336
177,arms,220,325
178,arms,219,315
179,arms,220,305
180,arms,224,309
181,arms,228,309
182,arms,225,304
183,arms,226,299
184,arms,225,292
185,arms,224,287
186,arms,225,294
187,arms,222,297
188,arms,218,298
189,arms,216,294
190,arms,212,296
191,arms,213,287
192,arms,217,291
193,arms,220,292
194,arms,211,291
195,arms,214,283
196,arms,218,284
197,arms,219,280
198,arms,214,275
199,arms,212,279
200,arms,216,267
201,arms,212,269
202,arms,212,261
203,arms,211,253
204,arms,211,245
205,arms,215,252
206,arms,214,258
207,arms,219,263
208,arms,220,272
209,arms,217,273
210,arms,221,277
211,arms,224,282
212,arms,224,273
213,arms,227,265
214,arms,227,260
215,arms,196,313
216,arms,220,318
217,arms,210,326
218,arms,227,313
219,arms,224,267
220,arms,220,257
221,arms,218,246
222,arms,213,232
223,arms,211,226
224,arms,213,236
225,arms,211,243
226,arms,214,242
227,arms,217,237
228,arms,217,227
229,arms,216,214
230,arms,219,210
231,arms,219,218
232,arms,217,219
233,arms,215,224
234,arms,219,223
235,arms,219,230
236,arms,222,234
237,arms,220,240
238,arms,223,244
239,arms,221,251
240,arms,223,253
241,arms,226,257
242,arms,230,255
243,arms,227,250
244,arms,231,250
245,arms,231,246
246,arms,234,244
247,arms,235,235
248,arms,235,239
249,arms,232,240
250,arms,228,243
251,arms,225,236
252,arms,229,234
253,arms,225,227
254,arms,230,230
255,arms,233,228
256,arms,235,232
257,arms,236,223
258,arms,236,226
259,arms,227,223
260,arms,223,220
261,arms,223,216
262,arms,228,215
263,arms,230,222
264,arms,231,217
265,arms,234,217
266,arms,222,152
267,arms,220,159
268,arms,219,168
269,arms,218,176
270,arms,217,186
271,arms,217,193
272,arms,217,202
273,arms,222,203
274,arms,229,211
275,arms,237,210
276,arms,237,216
277,arms,239,202
278,arms,240,193
279,arms,242,185
280,arms,243,178
281,arms,244,171
282,arms,245,165
283,arms,245,176
284,arms,242,186
285,arms,238,193
286,arms,240,189
287,arms,239,198
288,arms,238,206
289,arms,233,205
290,arms,231,211
291,arms,222,208
292,arms,223,212
293,arms,225,207
294,arms,228,205
295,arms,225,198
296,arms,219,196
297,arms,228,199
298,arms,233,201
299,arms,233,196
300,arms,229,191
301,arms,227,194
302,arms,223,192
303,arms,222,186
304,arms,225,186
305,arms,229,187
306,arms,233,189
307,arms,236,185
308,arms,239,180
309,arms,233,176
310,arms,233,182
311,arms,227,181
312,arms,222,182
313,arms,223,176
314,arms,230,179
315,arms,227,173
316,arms,225,169
317,arms,222,170
318,arms,232,171
319,arms,238,176
320,arms,238,171
321,arms,235,164
322,arms,240,167
323,arms,245,168
324,arms,238,162
325,arms,231,164
326,arms,230,167
327,arms,235,168
328,arms,224,164
329,arms,226,160
330,arms,226,154
331,arms,228,158
332,arms,231,158
333,arms,235,156
334,arms,239,157
335,arms,243,162
336,arms,244,157
337,arms,238,149
338,arms,233,150
339,arms,227,145
340,arms,224,136
341,arms,219,136
342,arms,223,143
343,arms,225,150
344,arms,221,127
345,arms,223,119
346,arms,225,114
347,arms,229,113
348,arms,229,120
349,arms,226,125
350,arms,226,130
351,arms,228,137
352,arms,228,142
353,arms,228,151
354,arms,230,146
355,arms,233,141
356,arms,233,132
357,arms,229,133
358,arms,232,137
359,arms,232,128
360,arms,231,121
361,arms,233,118
362,arms,234,113
363,arms,234,109
364,arms,233,106
365,arms,238,104
366,arms,243,101
367,arms,241,104
368,arms,239,109
369,arms,239,115
370,arms,237,121
371,arms,234,126
372,arms,237,131
373,arms,235,140
374,arms,234,143
375,arms,237,144
376,arms,241,151
377,arms,244,151
378,arms,244,146
379,arms,241,139
380,arms,237,134
381,arms,241,141
382,arms,245,138
383,arms,244,132
384,arms,240,127
385,arms,240,132
386,arms,244,121
387,arms,241,123
388,arms,244,126
389,arms,244,116
390,arms,244,110
391,arms,246,106
392,arms,248,100
393,arms,255,96
394,arms,253,103
395,arms,250,108
396,arms,251,116
397,arms,248,121
398,arms,248,129
399,arms,255,102
400,arms,258,98
401,arms,262,95
402,arms,265,91
403,arms,339,93
404,arms,345,97
405,arms,350,99
406,arms,351,107
407,arms,355,104
408,arms,366,108
409,arms,372,112
410,arms,374,121
411,arms,378,126
412,arms,378,136
413,arms,375,143
414,arms,368,149
415,arms,366,156
416,arms,369,168
417,arms,366,174
418,arms,371,185
419,arms,376,180
420,arms,376,167
421,arms,377,157
422,arms,372,152
423,arms,372,159
424,arms,367,164
425,arms,362,168
426,arms,357,172
427,arms,359,178
428,arms,359,102
429,arms,363,104
430,arms,370,108
431,arms,374,115
432,arms,377,120
433,arms,380,124
434,arms,380,131
435,arms,381,137
436,arms,380,145
437,arms,377,153
438,arms,376,148
439,arms,380,151
440,arms,368,158
441,arms,362,163
442,arms,357,162
443,arms,356,167
444,arms,357,155
445,arms,360,158
446,arms,360,149
447,arms,362,152
448,arms,366,152
449,arms,366,144
450,arms,370,143
451,arms,372,146
452,arms,372,134
453,arms,374,137
454,arms,369,137
455,arms,364,137
456,arms,362,141
457,arms,360,144
458,arms,355,148
459,arms,355,152
460,arms,353,158
461,arms,353,140
462,arms,357,141
463,arms,357,132
464,arms,359,133
465,arms,368,126
466,arms,367,130
467,arms,364,132
468,arms,356,136
469,arms,353,131
470,arms,354,121
471,arms,352,116
472,arms,349,111
473,arms,348,103
474,arms,345,97
475,arms,351,106
476,arms,356,111
477,arms,358,109
478,arms,361,108
479,arms,364,114
480,arms,361,116
481,arms,359,121
482,arms,356,126
483,arms,361,128
484,arms,362,123
485,arms,368,118
486,arms,366,119
487,arms,371,123
488,arms,373,130
489,arms,373,126
490,arms,366,110
491,arms,356,113
492,arms,378,139
493,arms,382,157
494,arms,382,164
495,arms,382,168
496,arms,379,176
497,arms,374,184
498,arms,370,191
499,arms,358,181
500,arms,359,186
501,arms,360,190
502,arms,361,196
503,arms,362,200
504,arms,363,209
505,arms,364,204
506,arms,367,208
507,arms,366,214
508,arms,365,219
509,arms,365,224
510,arms,365,229
511,arms,366,235
512,arms,367,239
513,arms,368,243
514,arms,370,248
515,arms,372,252
516,arms,370,254
517,arms,375,259
518,arms,373,260
519,arms,374,254
520,arms,379,252
521,arms,376,240
522,arms,376,229
523,arms,371,222
524,arms,371,208
525,arms,369,195
526,arms,366,189
527,arms,365,179
528,arms,369,178
529,arms,373,175
530,arms,376,170
531,arms,366,187
532,arms,367,196
533,arms,369,201
534,arms,372,198
535,arms,373,192
536,arms,376,189
537,arms,378,186
538,arms,380,183
539,arms,380,173
540,arms,373,162
541,arms,372,175
542,arms,370,182
543,arms,359,170
544,arms,363,174
545,arms,384,215
546,arms,375,205
547,arms,377,200
548,arms,381,202
549,arms,380,206
550,arms,376,212
551,arms,371,215
552,arms,376,222
553,arms,371,228
554,arms,371,237
555,arms,379,235
556,arms,374,234
557,arms,369,231
558,arms,377,249
559,arms,382,249
560,arms,382,261
561,arms,381,262
562,arms,380,270
563,arms,375,266
564,arms,375,271
565,arms,377,276
566,arms,378,265
567,arms,380,256
568,arms,383,254
569,arms,377,244
570,arms,372,244
571,arms,380,239
572,arms,382,227
573,arms,384,222
574,arms,380,216
575,arms,375,218
576,arms,381,209
577,arms,384,205
578,arms,384,196
579,arms,378,195
580,arms,382,190
581,arms,384,183
582,arms,382,177
583,arms,383,172
584,arms,363,183
585,arms,386,201
586,arms,389,207
587,arms,385,211
588,arms,390,216
589,arms,391,225
590,arms,390,227
591,arms,388,221
592,arms,387,229
593,arms,384,234
594,arms,385,239
595,arms,384,242
596,arms,388,247
597,arms,379,224
598,arms,385,189
599,arms,389,232
600,arms,390,238
601,arms,390,244
602,arms,391,235
603,arms,390,242
604,arms,387,247
605,arms,384,246
606,arms,389,256
607,arms,390,250
608,arms,391,256
609,arms,390,263
610,arms,390,259
611,arms,385,258
612,arms,386,251
613,arms,386,272
614,arms,389,267
615,arms,390,275
616,arms,390,281
617,arms,391,285
618,arms,393,289
619,arms,385,265
620,arms,383,270
621,arms,383,277
622,arms,378,278
623,arms,378,282
624,arms,377,286
625,arms,376,289
626,arms,375,294
627,arms,378,294
628,arms,382,292
629,arms,382,284
630,arms,385,287
631,arms,386,280
632,arms,388,290
633,arms,393,299
634,arms,394,293
635,arms,396,296
636,arms,400,301
637,arms,400,305
638,arms,402,311
639,arms,404,314
640,arms,397,306
641,arms,396,300
642,arms,392,303
643,arms,388,295
644,arms,386,299
645,arms,389,299
646,arms,377,297
647,arms,377,300
648,arms,375,302
649,arms,373,300
650,arms,384,310
651,arms,384,299
652,arms,380,300
653,arms,379,304
654,arms,378,306
655,arms,387,305
656,arms,391,312
657,arms,387,314
658,arms,373,306
659,arms,373,310
660,arms,374,313
661,arms,373,317
662,arms,373,322
663,arms,374,327
664,arms,379,336
665,arms,379,331
666,arms,380,326
667,arms,381,320
668,arms,381,317
669,arms,380,312
670,arms,380,307
671,arms,382,303
672,arms,384,317
673,arms,386,320
674,arms,387,327
675,arms,388,332
676,arms,388,336
677,arms,389,324
678,arms,390,318
679,arms,391,312
680,arms,392,307
681,arms,392,311
682,arms,394,317
683,arms,397,316
684,arms,397,320
685,arms,397,326
686,arms,397,333
687,arms,398,336
688,arms,397,328
689,arms,398,311
690,arms,397,310
691,arms,377,309
692,arms,386,308
693,arms,355,99
694,arms,352,123
695,arms,342,97
696,arms,346,104
697,torso,271,88
698,torso,275,85
699,torso,279,81
700,torso,285,83
701,torso,296,85
702,torso,300,83
703,torso,312,83
704,torso,324,82
705,torso,330,87
706,torso,335,91
707,torso,335,95
708,torso,339,100
709,torso,343,105
710,torso,342,108
711,torso,344,113
712,torso,346,115
713,torso,346,121
714,torso,349,124
715,torso,349,120
716,torso,349,129
717,torso,346,137
718,torso,351,135
719,torso,350,141
720,torso,346,145
721,torso,350,149
722,torso,351,155
723,torso,349,160
724,torso,352,165
725,torso,349,169
726,torso,348,175
727,torso,347,181
728,torso,346,187
729,torso,343,192
730,torso,342,198
731,torso,344,204
732,torso,345,210
733,torso,345,216
734,torso,345,222
735,torso,345,228
736,torso,344,237
737,torso,344,245
738,torso,256,243
739,torso,262,250
740,torso,269,247
741,torso,277,251
742,torso,282,251
743,torso,290,249
744,torso,292,252
745,torso,301,252
746,torso,307,252
747,torso,313,251
748,torso,323,253
749,torso,324,249
750,torso,329,250
751,torso,336,252
752,torso,344,252
753,torso,339,248
754,torso,330,244
755,torso,317,245
756,torso,318,253
757,torso,257,254
758,torso,255,256
759,torso,263,256
760,torso,270,255
761,torso,271,253
762,torso,277,255
763,torso,284,255
764,torso,291,256
765,torso,298,256
766,torso,305,256
767,torso,311,256
768,torso,320,256
769,torso,330,256
770,torso,333,257
771,torso,340,257
772,torso,345,252
773,torso,348,248
774,torso,254,247
775,torso,261,256
776,torso,265,259
777,torso,259,239
778,torso,259,230
779,torso,256,234
780,torso,255,227
781,torso,255,217
782,torso,255,212
783,torso,257,203
784,torso,258,198
785,torso,258,192
786,torso,256,185
787,torso,254,177
788,torso,250,168
789,torso,248,161
790,torso,248,153
791,torso,249,149
792,torso,252,142
793,torso,252,135
794,torso,253,129
795,torso,254,127
796,torso,267,110
797,torso,257,110
798,torso,254,116
799,torso,254,122
800,torso,248,139
801,torso,251,145
802,torso,254,152
803,torso,250,157
804,torso,253,163
805,torso,249,167
806,torso,257,172
807,torso,253,172
808,torso,256,166
809,torso,257,162
810,torso,257,154
811,torso,258,146
812,torso,258,139
813,torso,260,133
814,torso,262,126
815,torso,261,120
816,torso,260,115
817,torso,263,105
818,torso,265,100
819,torso,269,96
820,torso,274,95
821,torso,276,98
822,torso,272,106
823,torso,259,102
824,torso,254,109
825,torso,265,108
826,torso,272,101
827,torso,278,95
828,torso,282,87
829,torso,287,81
830,torso,290,82
831,torso,302,81
832,torso,306,85
833,torso,312,84
834,torso,318,83
835,torso,307,82
836,torso,294,81
837,torso,288,93
838,torso,281,90
839,torso,275,90
840,torso,284,98
841,torso,291,100
842,torso,304,96
843,torso,310,89
844,torso,317,94
845,torso,325,90
846,torso,326,84
847,torso,333,92
848,torso,329,98
849,torso,333,103
850,torso,340,109
851,torso,337,119
852,torso,342,126
853,torso,345,132
854,torso,342,141
855,torso,340,149
856,torso,346,164
857,torso,345,174
858,torso,345,185
859,torso,346,193
860,torso,344,204
861,torso,345,224
862,torso,346,233
863,torso,347,238
864,torso,335,240
865,torso,339,241
866,torso,293,234
867,torso,255,223
868,torso,256,211
869,torso,257,179
870,torso,264,178
871,torso,279,168
872,torso,282,149
873,torso,279,140
874,torso,276,149
875,torso,280,160
876,torso,292,186
877,torso,282,196
878,torso,281,202
879,torso,298,210
880,torso,301,216
881,torso,287,223
882,torso,280,215
883,torso,281,201
884,torso,281,192
885,torso,284,175
886,torso,287,173
887,torso,296,164
888,torso,299,151
889,torso,294,132
890,torso,280,122
891,torso,272,128
892,torso,267,148
893,torso,269,160
894,torso,273,167
895,torso,265,164
896,torso,268,177
897,torso,271,186
898,torso,258,204
899,torso,261,211
900,torso,260,220
901,torso,261,228
902,torso,272,234
903,torso,268,237
904,torso,263,243
905,torso,266,247
906,torso,270,242
907,torso,277,243
908,torso,276,245
909,torso,276,237
910,torso,273,231
911,torso,267,230
912,torso,267,235
913,torso,270,226
914,torso,273,225
915,torso,277,235
916,torso,286,234
917,torso,291,237
918,torso,285,238
919,torso,289,242
920,torso,296,242
921,torso,299,247
922,torso,291,245
923,torso,281,246
924,torso,286,227
925,torso,293,225
926,torso,295,234
927,torso,303,240
928,torso,311,240
929,torso,308,245
930,torso,303,245
931,torso,308,228
932,torso,313,236
933,torso,317,237
934,torso,319,239
935,torso,312,237
936,torso,296,226
937,torso,299,233
938,torso,302,236
939,torso,291,232
940,torso,281,227
941,torso,279,230
942,torso,278,219
943,torso,273,213
944,torso,268,216
945,torso,263,218
946,torso,268,220
947,torso,270,217
948,torso,268,220
949,torso,267,205
950,torso,271,204
951,torso,268,208
952,torso,266,211
953,torso,272,209
954,torso,277,209
955,torso,277,211
956,torso,273,196
957,torso,266,195
958,torso,265,204
959,torso,262,199
960,torso,263,188
961,torso,267,192
962,torso,273,192
963,torso,276,184
964,torso,279,183
965,torso,277,180
966,torso,274,176
967,torso,268,172
968,torso,263,167
969,torso,264,160
970,torso,267,156
971,torso,270,153
972,torso,272,155
973,torso,273,162
974,torso,283,163
975,torso,287,166
976,torso,282,170
977,torso,281,176
978,torso,285,182
979,torso,281,189
980,torso,285,199
981,torso,284,206
982,torso,285,215
983,torso,289,217
984,torso,283,219
985,torso,297,209
986,torso,296,204
987,torso,290,209
988,torso,282,208
989,torso,277,201
990,torso,273,202
991,torso,266,191
992,torso,265,183
993,torso,268,179
994,torso,261,161
995,torso,261,152
996,torso,262,144
997,torso,264,136
998,torso,266,140
999,torso,268,133
1000,torso,266,129
1001,torso,269,125
1002,torso,267,118
1003,torso,270,114
1004,torso,275,114
1005,torso,271,120
1006,torso,249,132
1007,torso,250,122
1008,torso,282,114
1009,torso,294,125
1010,torso,286,137
1011,torso,290,151
1012,torso,307,151
1013,torso,312,161
1014,torso,285,165
1015,torso,289,177
1016,torso,305,190
1017,torso,298,196
1018,torso,300,204
1019,torso,306,220
1020,torso,316,213
1021,torso,320,203
1022,torso,316,180
1023,torso,297,138
1024,torso,291,131
1025,torso,280,133
1026,torso,277,135
1027,torso,273,144
1028,torso,275,147
1029,torso,287,144
1030,torso,286,147
1031,torso,286,143
1032,torso,291,143
1033,torso,300,148
1034,torso,298,142
1035,torso,302,131
1036,torso,298,128
1037,torso,290,131
1038,torso,282,121
1039,torso,277,124
1040,torso,274,129
1041,torso,281,126
1042,torso,286,126
1043,torso,283,130
1044,torso,269,136
1045,torso,274,140
1046,torso,279,151
1047,torso,280,155
1048,torso,289,156
1049,torso,289,159
1050,torso,287,162
1051,torso,293,169
1052,torso,293,172
1053,torso,291,180
1054,torso,287,186
1055,torso,287,196
1056,torso,290,190
1057,torso,294,193
1058,torso,293,197
1059,torso,290,201
1060,torso,293,206
1061,torso,294,214
1062,torso,296,217
1063,torso,302,226
1064,torso,300,223
1065,torso,307,228
1066,torso,307,232
1067,torso,315,231
1068,torso,320,236
1069,torso,323,239
1070,torso,324,243
1071,torso,329,237
1072,torso,331,235
1073,torso,337,231
1074,torso,339,233
1075,torso,338,226
1076,torso,334,226
1077,torso,331,229
1078,torso,324,229
1079,torso,323,231
1080,torso,316,221
1081,torso,318,227
1082,torso,320,222
1083,torso,324,219
1084,torso,327,222
1085,torso,334,214
1086,torso,336,210
1087,torso,337,218
1088,torso,339,222
1089,torso,334,220
1090,torso,327,215
1091,torso,325,212
1092,torso,316,218
1093,torso,311,217
1094,torso,311,222
1095,torso,306,207
1096,torso,308,201
1097,torso,308,204
1098,torso,305,209
1099,torso,305,213
1100,torso,308,210
1101,torso,312,205
1102,torso,318,207
1103,torso,324,206
1104,torso,329,199
1105,torso,332,203
1106,torso,332,207
1107,torso,336,205
1108,torso,337,202
1109,torso,336,193
1110,torso,339,193
1111,torso,343,213
1112,torso,338,210
1113,torso,326,191
1114,torso,320,195
1115,torso,309,197
1116,torso,301,192
1117,torso,299,182
1118,torso,303,178
1119,torso,305,171
1120,torso,304,171
1121,torso,311,178
1122,torso,307,180
1123,torso,297,175
1124,torso,309,172
1125,torso,313,171
1126,torso,310,165
1127,torso,317,173
1128,torso,314,182
1129,torso,311,187
1130,torso,324,187
1131,torso,325,182
1132,torso,333,178
1133,torso,323,174
1134,torso,329,185
1135,torso,331,187
1136,torso,313,194
1137,torso,318,177
1138,torso,332,168
1139,torso,309,145
1140,torso,300,156
1141,torso,317,142
1142,torso,327,164
1143,torso,318,129
1144,torso,307,118
1145,torso,285,118
1146,torso,340,130
1147,torso,312,150
1148,torso,319,160
1149,torso,320,167
1150,torso,324,143
1151,torso,303,101
1152,torso,293,110
1153,torso,321,121
1154,torso,300,131
1155,torso,330,142
1156,torso,326,158
1157,torso,318,109
1158,torso,298,118
1159,torso,326,123
1160,torso,304,129
1161,torso,323,134
1162,torso,329,152
1163,torso,313,149
1164,torso,334,163
1165,torso,339,171
1166,torso,327,137
1167,torso,325,118
1168,torso,316,139
1169,torso,300,134
1170,torso,310,129
1171,torso,314,85
1172,torso,316,101
1173,torso,304,99
1174,torso,312,112
1175,torso,324,129
1176,torso,296,103
1177,torso,285,111
1178,torso,311,98
1179,torso,301,122
1180,torso,317,126
1181,torso,314,143
1182,torso,308,159
1183,torso,319,151
1184,torso,327,149
1185,torso,313,159
1186,torso,302,161
1187,torso,319,171
1188,torso,325,176
1189,torso,336,179
1190,torso,338,183
1191,torso,318,187
1192,torso,307,186
1193,torso,309,194
1194,torso,315,196
1195,torso,327,201
1196,torso,333,189
1197,torso,343,168
1198,torso,335,156
1199,torso,339,157
1200,torso,335,163
1201,torso,339,167
1202,torso,334,178
1203,torso,340,178
1204,torso,334,173
1205,torso,328,175
1206,torso,316,183
1207,torso,301,186
1208,torso,304,162
1209,torso,299,157
1210,torso,294,160
1211,torso,295,139
1212,torso,295,148
1213,torso,310,140
1214,torso,317,131
1215,torso,308,138
1216,torso,304,141
1217,torso,308,136
1218,torso,309,133
1219,torso,308,118
1220,torso,305,120
1221,torso,295,114
1222,torso,292,119
1223,torso,289,105
1224,torso,284,104
1225,torso,281,109
1226,torso,279,105
1227,torso,284,121
1228,torso,277,121
1229,torso,283,116
1230,torso,298,114
1231,torso,301,105
1232,torso,305,117
1233,torso,301,119
1234,torso,311,134
1235,torso,315,121
1236,torso,314,120
1237,torso,317,114
1238,torso,323,113
1239,torso,324,103
1240,torso,312,106
1241,torso,305,112
1242,torso,298,107
1243,torso,300,117
1244,torso,306,105
1245,torso,306,103
1246,torso,299,97
1247,torso,299,91
1248,torso,294,90
1249,torso,292,89
1250,torso,294,96
1251,torso,298,93
1252,torso,302,89
1253,torso,309,93
1254,torso,314,94
1255,torso,322,90
1256,torso,317,92
1257,torso,329,107
1258,torso,319,105
1259,torso,325,108
1260,torso,327,119
1261,torso,332,114
1262,torso,330,109
1263,torso,339,143
1264,torso,334,143
1265,torso,335,147
1266,torso,335,152
1267,torso,331,131
1268,torso,333,125
1269,torso,328,136
1270,torso,335,136
1271,torso,338,136
1272,torso,325,154
1273,torso,317,153
1274,torso,317,158
1275,torso,300,167
1276,torso,300,170
1277,torso,299,178
1278,torso,295,188
1279,torso,342,160
1280,torso,343,150
1281,torso,343,157
1282,torso,325,165
1283,torso,320,165
1284,torso,312,166
1285,torso,307,202
1286,torso,301,199
1287,torso,313,197
1288,torso,324,201
1289,torso,328,193
1290,torso,330,195
1291,torso,333,197
1292,torso,315,204
1293,torso,275,221
1294,torso,325,99
1295,torso,324,94
1296,torso,320,97
1297,torso,337,107
1298,torso,338,114
1299,torso,339,125
1300,torso,330,119
1301,torso,287,242
1302,torso,264,237
1303,torso,266,224
1304,torso,269,259
1305,torso,275,263
1306,torso,279,260
1307,torso,289,261
1308,torso,283,263
1309,torso,286,264
1310,torso,297,264
1311,torso,301,258
1312,torso,304,260
1313,torso,307,265
1314,torso,315,264
1315,torso,327,260
1316,torso,331,258
1317,torso,339,256
1318,torso,345,254
1319,torso,338,258
1320,torso,318,261
1321,torso,328,264
1322,torso,320,264
1323,torso,320,258
1324,torso,310,261
1325,torso,295,263
1326,torso,287,264
1327,torso,277,265
1328,torso,275,266
1329,torso,271,261
1330,torso,256,253
1331,torso,260,259
1332,torso,268,263
1333,torso,269,266
1334,torso,271,268
1335,torso,279,269
1336,torso,288,268
1337,torso,297,268
1338,torso,310,265
1339,torso,321,267
1340,torso,327,268
1341,torso,335,261
1342,torso,314,268
1343,torso,304,264
1344,torso,288,268
1345,torso,303,270
1346,torso,285,271
1347,legs,253,275
1348,legs,248,287
1349,legs,249,297
1350,legs,245,305
1351,legs,247,312
1352,legs,246,318
1353,legs,246,324
1354,legs,246,332
1355,legs,246,338
1356,legs,246,344
1357,legs,246,357
1358,legs,247,365
1359,legs,247,374
1360,legs,249,382
1361,legs,250,389
1362,legs,251,397
1363,legs,252,405
1364,legs,253,414
1365,legs,254,422
1366,legs,255,430
1367,legs,255,436
1368,legs,253,442
1369,legs,253,448
1370,legs,252,455
1371,legs,252,461
1372,legs,253,467
1373,legs,254,474
1374,legs,256,481
1375,legs,257,486
1376,legs,259,494
1377,legs,260,500
1378,legs,261,509
1379,legs,263,516
1380,legs,265,526
1381,legs,266,533
1382,legs,266,540
1383,legs,265,546
1384,legs,266,551
1385,legs,265,557
1386,legs,264,563
1387,legs,261,570
1388,legs,258,576
1389,legs,257,582
1390,legs,257,587
1391,legs,262,588
1392,legs,267,589
1393,legs,272,588
1394,legs,275,588
1395,legs,277,592
1396,legs,281,590
1397,legs,283,586
1398,legs,283,579
1399,legs,283,573
1400,legs,283,566
1401,legs,283,558
1402,legs,283,552
1403,legs,282,543
1404,legs,279,557
1405,legs,277,565
1406,legs,275,573
1407,legs,265,575
1408,legs,281,523
1409,legs,281,532
1410,legs,282,537
1411,legs,281,514
1412,legs,281,504
1413,legs,284,495
1414,legs,281,507
1415,legs,283,497
1416,legs,285,485
1417,legs,285,476
1418,legs,286,481
1419,legs,285,489
1420,legs,280,447
1421,legs,281,453
1422,legs,283,456
1423,legs,284,461
1424,legs,285,467
1425,legs,285,470
1426,legs,280,443
1427,legs,280,438
1428,legs,281,434
1429,legs,282,431
1430,legs,283,426
1431,legs,284,420
1432,legs,284,412
1433,legs,287,403
1434,legs,289,398
1435,legs,290,389
1436,legs,287,406
1437,legs,287,412
1438,legs,286,418
1439,legs,290,380
1440,legs,292,367
1441,legs,290,378
1442,legs,252,452
1443,legs,252,462
1444,legs,257,463
1445,legs,254,467
1446,legs,251,475
1447,legs,258,481
1448,legs,258,483
1449,legs,256,489
1450,legs,260,492
1451,legs,254,407
1452,legs,252,406
1453,legs,251,398
1454,legs,253,392
1455,legs,250,392
1456,legs,252,372
1457,legs,249,367
1458,legs,246,356
1459,legs,246,348
1460,legs,247,351
1461,legs,250,353
1462,legs,249,357
1463,legs,248,364
1464,legs,250,378
1465,legs,252,383
1466,legs,252,381
1467,legs,250,327
1468,legs,248,330
1469,legs,250,337
1470,legs,249,340
1471,legs,250,307
1472,legs,249,302
1473,legs,248,293
1474,legs,250,290
1475,legs,250,284
1476,legs,249,280
1477,legs,252,270
1478,legs,251,276
1479,legs,253,265
1480,legs,253,261
1481,legs,255,261
1482,legs,258,264
1483,legs,255,269
1484,legs,259,271
1485,legs,261,266
1486,legs,267,274
1487,legs,266,271
1488,legs,262,272
1489,legs,258,277
1490,legs,256,277
1491,legs,254,286
1492,legs,256,292
1493,legs,255,284
1494,legs,253,280
1495,legs,262,283
1496,legs,266,278
1497,legs,270,278
1498,legs,271,274
1499,legs,275,277
1500,legs,276,282
1501,legs,269,285
1502,legs,266,290
1503,legs,258,296
1504,legs,261,288
1505,legs,258,287
1506,legs,253,296
1507,legs,254,301
1508,legs,251,307
1509,legs,253,313
1510,legs,250,318
1511,legs,252,325
1512,legs,255,330
1513,legs,255,321
1514,legs,260,314
1515,legs,259,309
1516,legs,252,307
1517,legs,256,305
1518,legs,261,301
1519,legs,263,294
1520,legs,264,299
1521,legs,267,295
1522,legs,270,293
1523,legs,272,289
1524,legs,275,287
1525,legs,281,282
1526,legs,280,274
1527,legs,282,277
1528,legs,287,278
1529,legs,290,275
1530,legs,291,282
1531,legs,289,284
1532,legs,285,286
1533,legs,276,293
1534,legs,275,296
1535,legs,270,305
1536,legs,268,311
1537,legs,286,322
1538,legs,292,326
1539,legs,297,336
1540,legs,295,344
1541,legs,294,355
1542,legs,293,361
1543,legs,293,371
1544,legs,290,376
1545,legs,289,385
1546,legs,289,393
1547,legs,293,349
1548,legs,295,339
1549,legs,295,330
1550,legs,295,323
1551,legs,296,316
1552,legs,296,306
1553,legs,296,309
1554,legs,296,322
1555,legs,295,329
1556,legs,290,330
1557,legs,289,320
1558,legs,291,319
1559,legs,288,313
1560,legs,291,313
1561,legs,291,306
1562,legs,296,302
1563,legs,298,301
1564,legs,299,296
1565,legs,295,297
1566,legs,289,292
1567,legs,283,292
1568,legs,280,290
1569,legs,282,298
1570,legs,270,303
1571,legs,265,305
1572,legs,263,309
1573,legs,265,316
1574,legs,260,322
1575,legs,258,325
1576,legs,265,334
1577,legs,275,314
1578,legs,279,308
1579,legs,284,303
1580,legs,290,298
1581,legs,294,291
1582,legs,295,282
1583,legs,295,276
1584,legs,297,276
1585,legs,303,275
1586,legs,306,274
1587,legs,309,273
1588,legs,314,275
1589,legs,318,274
1590,legs,322,274
1591,legs,329,271
1592,legs,333,268
1593,legs,339,267
1594,legs,342,261
1595,legs,347,258
1596,legs,350,258
1597,legs,349,265
1598,legs,349,269
1599,legs,350,274
1600,legs,350,282
1601,legs,352,287
1602,legs,351,293
1603,legs,353,295
1604,legs,354,302
1605,legs,355,308
1606,legs,353,278
1607,legs,354,292
1608,legs,355,305
1609,legs,355,314
1610,legs,356,322
1611,legs,355,329
1612,legs,353,337
1613,legs,354,345
1614,legs,354,336
1615,legs,355,336
1616,legs,355,341
1617,legs,353,350
1618,legs,355,353
1619,legs,355,348
1620,legs,354,359
1621,legs,354,366
1622,legs,352,371
1623,legs,352,375
1624,legs,352,381
1625,legs,352,384
1626,legs,351,390
1627,legs,349,395
1628,legs,349,400
1629,legs,348,405
1630,legs,348,410
1631,legs,347,416
1632,legs,347,421
1633,legs,347,427
1634,legs,347,434
1635,legs,348,439
1636,legs,348,444
1637,legs,349,449
1638,legs,349,454
1639,legs,350,458
1640,legs,348,462
1641,legs,349,465
1642,legs,348,471
1643,legs,348,478
1644,legs,345,484
1645,legs,344,490
1646,legs,343,495
1647,legs,342,499
1648,legs,339,507
1649,legs,341,505
1650,legs,338,515
1651,legs,339,512
1652,legs,337,522
1653,legs,337,529
1654,legs,336,535
1655,legs,335,541
1656,legs,336,544
1657,legs,337,550
1658,legs,338,554
1659,legs,337,558
1660,legs,337,563
1661,legs,338,568
1662,legs,341,571
1663,legs,343,576
1664,legs,344,580
1665,legs,344,584
1666,legs,341,587
1667,legs,336,589
1668,legs,331,589
1669,legs,325,587
1670,legs,324,592
1671,legs,320,588
1672,legs,319,581
1673,legs,328,582
1674,legs,330,589
1675,legs,345,585
1676,legs,347,579
1677,legs,333,572
1678,legs,317,583
1679,legs,318,590
1680,legs,321,582
1681,legs,320,574
1682,legs,319,576
1683,legs,324,577
1684,legs,326,574
1685,legs,328,579
1686,legs,327,582
1687,legs,334,585
1688,legs,334,581
1689,legs,332,577
1690,legs,331,584
1691,legs,337,582
1692,legs,337,576
1693,legs,336,570
1694,legs,335,564
1695,legs,330,566
1696,legs,316,566
1697,legs,318,570
1698,legs,317,562
1699,legs,318,554
1700,legs,319,555
1701,legs,320,560
1702,legs,323,563
1703,legs,324,569
1704,legs,327,569
1705,legs,319,549
1706,legs,319,543
1707,legs,321,536
1708,legs,321,528
1709,legs,320,519
1710,legs,320,510
1711,legs,320,513
1712,legs,320,520
1713,legs,321,523
1714,legs,322,531
1715,legs,323,538
1716,legs,321,503
1717,legs,320,497
1718,legs,318,490
1719,legs,316,482
1720,legs,316,485
1721,legs,320,494
1722,legs,320,505
1723,legs,317,478
1724,legs,317,472
1725,legs,318,466
1726,legs,318,462
1727,legs,316,467
1728,legs,321,456
1729,legs,318,458
1730,legs,320,451
1731,legs,321,445
1732,legs,322,439
1733,legs,321,433
1734,legs,319,428
1735,legs,317,420
1736,legs,317,423
1737,legs,297,351
1738,legs,295,357
1739,legs,292,367
1740,legs,303,303
1741,legs,303,308
1742,legs,304,313
1743,legs,304,317
1744,legs,304,324
1745,legs,305,328
1746,legs,304,334
1747,legs,305,340
1748,legs,305,345
1749,legs,307,349
1750,legs,307,355
1751,legs,307,360
1752,legs,308,364
1753,legs,309,371
1754,legs,310,375
1755,legs,310,381
1756,legs,311,388
1757,legs,313,396
1758,legs,314,403
1759,legs,315,410
1760,legs,315,416
1761,legs,315,409
1762,legs,315,402
1763,legs,314,391
1764,legs,312,383
1765,legs,312,370
1766,legs,312,365
1767,legs,310,356
1768,legs,307,340
1769,legs,308,328
1770,legs,308,321
1771,legs,308,313
1772,legs,298,284
1773,legs,304,282
1774,legs,307,283
1775,legs,300,290
1776,legs,309,293
1777,legs,320,291
1778,legs,324,289
1779,legs,322,304
1780,legs,314,309
1781,legs,315,317
1782,legs,315,296
1783,legs,310,300
1784,legs,308,302
1785,legs,307,287
1786,legs,310,287
1787,legs,317,284
1788,legs,317,281
1789,legs,316,289
1790,legs,324,286
1791,legs,326,282
1792,legs,311,279
1793,legs,311,286
1794,legs,306,296
1795,legs,305,295
1796,legs,322,297
1797,legs,328,290
1798,legs,335,281
1799,legs,329,278
1800,legs,334,275
1801,legs,339,272
1802,legs,344,267
1803,legs,346,273
1804,legs,342,277
1805,legs,340,285
1806,legs,343,291
1807,legs,321,294
1808,legs,320,278
1809,legs,322,291
1810,legs,336,303
1811,legs,321,304
1812,legs,316,303
1813,legs,312,304
1814,legs,311,307
1815,legs,320,314
1816,legs,329,312
1817,legs,340,326
1818,legs,319,326
1819,legs,321,335
1820,legs,335,321
1821,legs,321,333
1822,legs,313,332
1823,legs,314,322
1824,legs,322,322
1825,legs,326,319
1826,legs,327,329
1827,legs,325,335
1828,legs,314,339
1829,legs,310,334
1830,legs,309,339
1831,legs,322,340
1832,legs,319,346
1833,legs,310,345
1834,legs,314,350
1835,legs,313,353
1836,legs,315,344
1837,legs,318,341
1838,legs,314,328
1839,legs,327,324
1840,legs,331,318
1841,legs,338,311
1842,legs,333,306
1843,legs,323,310
1844,legs,328,304
1845,legs,328,298
1846,legs,332,293
1847,legs,332,284
1848,legs,338,295
1849,legs,342,292
1850,legs,338,290
1851,legs,346,283
1852,legs,346,289
1853,legs,348,296
1854,legs,339,300
1855,legs,333,300
1856,legs,350,307
1857,legs,349,296
1858,legs,344,303
1859,legs,346,301
1860,legs,348,307
1861,legs,343,311
1862,legs,340,309
1863,legs,337,316
1864,legs,344,316
1865,legs,350,316
1866,legs,349,320
1867,legs,342,321
1868,legs,348,329
1869,legs,350,324
1870,legs,344,327
1871,legs,343,329
1872,legs,335,330
1873,legs,333,326
1874,legs,332,333
1875,legs,342,335
1876,legs,343,335
1877,legs,348,343
1878,legs,344,343
1879,legs,336,339
1880,legs,332,343
1881,legs,329,348
1882,legs,322,350
1883,legs,323,357
1884,legs,326,363
1885,legs,317,361
1886,legs,317,357
1887,legs,330,359
1888,legs,338,353
1889,legs,337,344
1890,legs,328,340
1891,legs,324,346
1892,legs,340,342
1893,legs,345,336
1894,legs,347,338
1895,legs,344,352
1896,legs,337,352
1897,legs,336,363
1898,legs,338,369
1899,legs,344,368
1900,legs,342,378
1901,legs,324,381
1902,legs,319,367
1903,legs,312,375
1904,legs,317,375
1905,legs,321,371
1906,legs,325,375
1907,legs,329,369
1908,legs,331,366
1909,legs,332,353
1910,legs,323,353
1911,legs,333,350
1912,legs,338,349
1913,legs,346,349
1914,legs,348,354
1915,legs,345,358
1916,legs,338,358
1917,legs,327,355
1918,legs,324,360
1919,legs,320,368
1920,legs,327,379
1921,legs,319,380
1922,legs,316,386
1923,legs,320,384
1924,legs,324,389
1925,legs,319,392
1926,legs,321,398
1927,legs,319,402
1928,legs,322,406
1929,legs,320,410
1930,legs,322,414
1931,legs,320,418
1932,legs,325,422
1933,legs,328,412
1934,legs,327,400
1935,legs,329,389
1936,legs,331,384
1937,legs,332,377
1938,legs,331,372
1939,legs,336,374
1940,legs,340,374
1941,legs,346,372
1942,legs,347,364
1943,legs,342,363
1944,legs,351,362
1945,legs,347,374
1946,legs,343,383
1947,legs,337,386
1948,legs,334,393
1949,legs,333,397
1950,legs,328,396
1951,legs,332,402
1952,legs,333,403
1953,legs,339,395
1954,legs,340,391
1955,legs,338,382
1956,legs,340,387
1957,legs,346,386
1958,legs,347,378
1959,legs,348,389
1960,legs,342,392
1961,legs,342,397
1962,legs,341,401
1963,legs,335,402
1964,legs,328,406
1965,legs,332,410
1966,legs,335,411
1967,legs,337,405
1968,legs,344,406
1969,legs,343,409
1970,legs,341,410
1971,legs,340,414
1972,legs,332,415
1973,legs,326,417
1974,legs,324,425
1975,legs,331,427
1976,legs,330,422
1977,legs,336,419
1978,legs,339,418
1979,legs,341,424
1980,legs,334,424
1981,legs,333,427
1982,legs,329,431
1983,legs,327,433
1984,legs,324,430
1985,legs,337,437
1986,legs,339,428
1987,legs,341,434
1988,legs,336,432
1989,legs,333,435
1990,legs,328,436
1991,legs,328,441
1992,legs,334,444
1993,legs,327,446
1994,legs,326,450
1995,legs,335,453
1996,legs,330,449
1997,legs,337,448
1998,legs,339,440
1999,legs,332,441
2000,legs,347,446
2001,legs,342,445
2002,legs,343,442
2003,legs,342,451
2004,legs,342,456
2005,legs,334,456
2006,legs,330,455
2007,legs,326,458
2008,legs,329,464
2009,legs,326,466
2010,legs,323,470
2011,legs,323,475
2012,legs,321,478
2013,legs,322,483
2014,legs,324,485
2015,legs,327,482
2016,legs,328,478
2017,legs,333,474
2018,legs,334,473
2019,legs,335,482
2020,legs,341,479
2021,legs,342,470
2022,legs,336,466
2023,legs,337,460
2024,legs,339,464
2025,legs,330,467
2026,legs,324,462
2027,legs,331,460
2028,legs,341,462
2029,legs,332,469
2030,legs,326,473
2031,legs,333,477
2032,legs,341,475
2033,legs,340,473
2034,legs,340,464
2035,legs,343,464
2036,legs,335,483
2037,legs,335,494
2038,legs,327,492
2039,legs,326,500
2040,legs,324,504
2041,legs,328,510
2042,legs,324,513
2043,legs,324,521
2044,legs,325,526
2045,legs,325,531
2046,legs,328,540
2047,legs,324,545
2048,legs,324,551
2049,legs,326,554
2050,legs,328,557
2051,legs,324,559
2052,legs,330,563
2053,legs,333,555
2054,legs,328,549
2055,legs,332,548
2056,legs,331,545
2057,legs,332,534
2058,legs,328,534
2059,legs,333,528
2060,legs,330,524
2061,legs,331,520
2062,legs,332,518
2063,legs,332,514
2064,legs,335,507
2065,legs,333,503
2066,legs,327,504
2067,legs,333,499
2068,legs,337,500
2069,legs,328,494
2070,legs,331,487
2071,legs,338,487
2072,legs,338,491
2073,legs,333,490
2074,legs,325,487
2075,legs,322,494
2076,legs,318,355
2077,legs,320,333
2078,legs,322,326
2079,legs,319,318
2080,legs,326,312
2081,legs,334,310
2082,legs,314,313
2083,legs,317,309
2084,legs,311,294
2085,legs,305,289
2086,legs,299,289
2087,legs,291,287
2088,legs,301,280
2089,legs,334,286
2090,legs,344,280
2091,legs,346,278
2092,legs,346,297
2093,legs,343,297
2094,legs,350,312
2095,legs,344,319
2096,legs,337,334
2097,legs,268,298
2098,legs,272,299
2099,legs,272,315
2100,legs,281,306
2101,legs,276,306
2102,legs,277,302
2103,legs,281,309
2104,legs,277,319
2105,legs,275,320
2106,legs,267,325
2107,legs,260,331
2108,legs,259,341
2109,legs,253,342
2110,legs,254,347
2111,legs,251,346
2112,legs,257,347
2113,legs,256,335
2114,legs,260,335
2115,legs,263,340
2116,legs,270,332
2117,legs,266,328
2118,legs,267,321
2119,legs,271,322
2120,legs,276,329
2121,legs,279,321
2122,legs,283,317
2123,legs,286,315
2124,legs,282,313
2125,legs,285,308
2126,legs,283,339
2127,legs,284,327
2128,legs,285,333
2129,legs,280,333
2130,legs,279,325
2131,legs,275,327
2132,legs,271,336
2133,legs,265,343
2134,legs,262,352
2135,legs,258,355
2136,legs,255,360
2137,legs,252,355
2138,legs,257,352
2139,legs,265,347
2140,legs,268,352
2141,legs,274,347
2142,legs,274,340
2143,legs,269,344
2144,legs,274,342
2145,legs,279,336
2146,legs,281,346
2147,legs,286,342
2148,legs,289,340
2149,legs,289,336
2150,legs,292,336
2151,legs,286,347
2152,legs,286,354
2153,legs,284,358
2154,legs,279,358
2155,legs,275,366
2156,legs,270,362
2157,legs,266,365
2158,legs,260,366
2159,legs,256,367
2160,legs,255,363
2161,legs,263,362
2162,legs,263,357
2163,legs,268,358
2164,legs,273,356
2165,legs,277,351
2166,legs,279,355
2167,legs,284,352
2168,legs,275,367
2169,legs,275,357
2170,legs,277,364
2171,legs,280,364
2172,legs,286,365
2173,legs,283,373
2174,legs,282,376
2175,legs,263,374
2176,legs,261,379
2177,legs,257,376
2178,legs,261,369
2179,legs,268,371
2180,legs,273,371
2181,legs,278,374
2182,legs,283,368
2183,legs,287,371
2184,legs,288,358
2185,legs,290,351
2186,legs,279,342
2187,legs,268,338
2188,legs,258,318
2189,legs,257,385
2190,legs,262,387
2191,legs,259,390
2192,legs,261,399
2193,legs,255,397
2194,legs,262,394
2195,legs,267,389
2196,legs,264,384
2197,legs,267,380
2198,legs,272,377
2199,legs,268,375
2200,legs,276,384
2201,legs,281,380
2202,legs,285,385
2203,legs,282,389
2204,legs,278,398
2205,legs,277,405
2206,legs,272,405
2207,legs,267,401
2208,legs,261,403
2209,legs,257,402
2210,legs,260,410
2211,legs,257,413
2212,legs,258,419
2213,legs,257,425
2214,legs,262,425
2215,legs,261,420
2216,legs,265,415
2217,legs,265,411
2218,legs,265,406
2219,legs,267,401
2220,legs,270,395
2221,legs,268,395
2222,legs,273,388
2223,legs,271,384
2224,legs,277,393
2225,legs,282,396
2226,legs,283,392
2227,legs,274,401
2228,legs,279,404
2229,legs,283,401
2230,legs,283,412
2231,legs,279,410
2232,legs,271,413
2233,legs,269,410
2234,legs,274,412
2235,legs,277,420
2236,legs,278,416
2237,legs,276,421
2238,legs,270,420
2239,legs,267,426
2240,legs,261,431
2241,legs,261,438
2242,legs,258,444
2243,legs,258,450
2244,legs,255,457
2245,legs,261,459
2246,legs,259,464
2247,legs,259,470
2248,legs,258,473
2249,legs,260,477
2250,legs,261,484
2251,legs,265,519
2252,legs,264,511
2253,legs,262,505
2254,legs,269,510
2255,legs,268,518
2256,legs,268,524
2257,legs,270,527
2258,legs,268,529
2259,legs,270,534
2260,legs,272,537
2261,legs,269,544
2262,legs,271,549
2263,legs,273,553
2264,legs,269,559
2265,legs,269,564
2266,legs,266,568
2267,legs,264,571
2268,legs,261,572
2269,legs,261,578
2270,legs,265,583
2271,legs,268,582
2272,legs,270,576
2273,legs,272,580
2274,legs,274,582
2275,legs,278,579
2276,legs,279,583
2277,legs,261,582
2278,legs,271,572
2279,legs,272,565
2280,legs,275,568
2281,legs,279,572
2282,legs,279,567
2283,legs,282,562
2284,legs,277,559
2285,legs,276,551
2286,legs,272,559
2287,legs,277,550
2288,legs,280,546
2289,legs,277,544
2290,legs,275,536
2291,legs,275,527
2292,legs,277,524
2293,legs,275,531
2294,legs,274,541
2295,legs,276,523
2296,legs,275,517
2297,legs,280,465
2298,legs,277,441
2299,legs,267,456
2300,legs,276,468
2301,legs,272,474
2302,legs,270,482
2303,legs,269,485
2304,legs,273,506
2305,legs,278,487
2306,legs,272,493
2307,legs,292,309
2308,legs,297,312
2309,legs,297,326
2310,legs,297,333
2311,legs,292,342
2312,legs,293,348
2313,legs,290,303
2314,legs,273,310
2315,legs,265,441
2316,legs,261,450
2317,legs,259,456
2318,legs,262,455
2319,legs,266,451
2320,legs,266,447
2321,legs,263,442
2322,legs,265,433
2323,legs,269,426
2324,legs,276,423
2325,legs,277,427
2326,legs,273,430
2327,legs,272,436
2328,legs,270,434
2329,legs,266,429
2330,legs,263,418
2331,legs,269,419
2332,legs,273,417
2333,legs,269,427
2334,legs,274,439
2335,legs,271,442
2336,legs,269,442
2337,legs,273,448
2338,legs,274,444
2339,legs,273,450
2340,legs,272,456
2341,legs,267,462
2342,legs,263,466
2343,legs,265,474
2344,legs,263,477
2345,legs,268,472
2346,legs,268,468
2347,legs,271,462
2348,legs,278,462
2349,legs,277,456
2350,legs,276,449
2351,legs,274,473
2352,legs,276,479
2353,legs,268,479
2354,legs,265,484
2355,legs,264,492
2356,legs,266,489
2357,legs,267,495
2358,legs,264,497
2359,legs,266,502
2360,legs,269,500
2361,legs,274,501
2362,legs,268,506
2363,legs,275,512
2364,legs,277,498
2365,legs,277,490
2366,legs,274,488
2367,legs,274,482
2368,legs,280,480
2369,legs,281,472
2370,legs,279,474
2371,legs,271,514
2372,legs,272,520
2373,legs,279,517
2374,legs,277,507
2375,legs,280,493
2376,legs,282,501
2377,legs,281,513
2378,legs,280,526
2379,legs,271,465
2380,legs,255,476
2381,head_top,282,18
2382,head_top,286,15
2383,head_top,289,9
2384,head_top,292,9
2385,head_top,298,7
2386,head_top,303,8
2387,head_top,307,11
2388,head_top,312,11
2389,head_top,316,13
2390,head_top,318,18
2391,head_top,321,23
2392,head_top,313,19
2393,head_top,306,14
2394,head_top,298,15
2395,head_top,296,11
2396,head_top,291,14
2397,head_top,289,17
2398,head_top,282,21
2399,head_top,280,25
2400,head_top,288,23
2401,head_top,291,19
2402,head_top,293,15
2403,head_top,299,21
2404,head_top,301,16
2405,head_top,306,21
2406,head_top,307,17
2407,head_top,313,23
2408,head_top,318,24
2409,head_top,280,29
2410,head_top,285,25
2411,head_top,322,26
2412,head_top,323,31
2413,head_top,319,26
2414,head_top,308,13
2415,head_top,298,10
2416,head_top,293,20
2417,throat,296,73
2418,throat,296,79
2419,throat,291,80
2420,throat,293,88
2421,throat,296,84
2422,throat,301,88
2423,throat,305,90
2424,throat,303,85
2425,throat,302,78
2426,throat,302,74
2427,throat,306,73
2428,throat,310,70
2429,throat,309,78
2430,throat,309,85
2431,throat,310,90
2432,throat,298,93
2433,throat,292,73
2434,throat,295,67
2435,throat,302,69
2436,throat,306,74
2437,throat,311,86
2438,throat,312,94
2439,throat,293,91
2440,throat,285,87
2441,throat,281,92
2442,throat,314,72
2443,throat,311,64
2444,throat,317,79
2445,throat,321,87
2446,throat,283,68
2447,throat,287,72
2448,throat,284,80
2449,throat,322,81
2450,throat,303,64
2451,throat,290,65
2452,throat,318,71
2453,throat,320,93
2454,throat,277,85
2455,head_top,282,11
2456,head_top,276,20
2457,head_top,320,10
2458,head_top,321,18
2459,head_top,328,22
2460,head_top,311,4
2461,head_top,290,8
2462,head_top,295,3
2463,head_top,283,5
2464,head_top,277,27
2465,head_top,327,30
2466,shoulders,257,94
2467,shoulders,252,100
2468,shoulders,242,99
2469,shoulders,240,104
2470,shoulders,235,109
2471,shoulders,227,111
2472,shoulders,225,118
2473,shoulders,221,126
2474,shoulders,220,132
2475,shoulders,223,139
2476,shoulders,230,134
2477,shoulders,233,125
2478,shoulders,236,126
2479,shoulders,244,122
2480,shoulders,249,111
2481,shoulders,254,106
2482,shoulders,256,111
2483,shoulders,250,118
2484,shoulders,249,127
2485,shoulders,246,130
2486,shoulders,243,138
2487,shoulders,239,135
2488,shoulders,239,122
2489,shoulders,240,111
2490,shoulders,230,115
2491,shoulders,228,121
2492,shoulders,233,116
2493,shoulders,245,113
2494,shoulders,256,105
2495,shoulders,262,98
2496,shoulders,265,91
2497,shoulders,269,87
2498,shoulders,269,92
2499,shoulders,263,103
2500,shoulders,261,110
2501,shoulders,258,115
2502,shoulders,254,115
2503,shoulders,248,102
2504,shoulders,243,105
2505,shoulders,235,103
2506,shoulders,232,111
2507,shoulders,233,119
2508,shoulders,227,133
2509,shoulders,221,139
2510,shoulders,239,132
2511,shoulders,237,131
2512,shoulders,234,139
2513,shoulders,225,140
2514,shoulders,336,91
2515,shoulders,338,98
2516,shoulders,335,101
2517,shoulders,338,104
2518,shoulders,346,114
2519,shoulders,324,94
2520,shoulders,326,86
2521,shoulders,328,86
2522,shoulders,337,99
2523,shoulders,345,103
2524,shoulders,349,101
2525,shoulders,357,102
2526,shoulders,363,103
2527,shoulders,367,106
2528,shoulders,372,115
2529,shoulders,376,114
2530,shoulders,379,121
2531,shoulders,376,124
2532,shoulders,369,124
2533,shoulders,368,124
2534,shoulders,371,131
2535,shoulders,374,133
2536,shoulders,378,140
2537,shoulders,379,146
2538,shoulders,377,144
2539,shoulders,368,141
2540,shoulders,366,138
2541,shoulders,357,138
2542,shoulders,354,130
2543,shoulders,356,117
2544,shoulders,357,107
2545,shoulders,359,116
2546,shoulders,359,123
2547,shoulders,350,121
2548,shoulders,350,122
2549,shoulders,348,117
2550,shoulders,342,111
2551,shoulders,349,109
2552,shoulders,353,106
2553,shoulders,347,98
2554,shoulders,346,97
2555,shoulders,355,103
2556,shoulders,364,110
2557,shoulders,368,111
2558,shoulders,347,124
2559,shoulders,354,124
2560,shoulders,359,123
2561,shoulders,367,119
2562,shoulders,372,121
2563,shoulders,378,125
2564,shoulders,381,130
2565,shoulders,380,134
2566,shoulders,373,133
2567,shoulders,362,130
2568,shoulders,361,127
2569,shoulders,366,125
2570,shoulders,365,132
2571,shoulders,364,115
2572,shoulders,371,109
2573,shoulders,374,137
2574,shoulders,380,138
2575,shoulders,352,112
2576,shoulders,227,126
2577,shoulders,227,142
2578,shoulders,224,149
2579,shoulders,220,150
2580,shoulders,219,160
2581,shoulders,223,154
2582,shoulders,220,160
2583,shoulders,219,170
2584,shoulders,216,172
2585,shoulders,216,179
2586,shoulders,218,183
2587,shoulders,216,187
2588,shoulders,212,190
2589,shoulders,213,196
2590,shoulders,215,201
2591,shoulders,219,198
2592,shoulders,219,184
2593,shoulders,224,172
2594,shoulders,222,162
2595,shoulders,218,138
2596,shoulders,377,149
2597,shoulders,381,152
2598,shoulders,380,158
2599,shoulders,383,164
2600,shoulders,384,168
2601,shoulders,382,172
2602,shoulders,373,148
2603,shoulders,372,148
2604,shoulders,378,164
2605,shoulders,382,172
2606,shoulders,385,181
2607,shoulders,386,187
2608,shoulders,384,189
2609,shoulders,386,196
2610,shoulders,388,203
2611,shoulders,386,210
2612,shoulders,378,172
2613,shoulders,372,153
2614,shoulders,354,94
2615,shoulders,346,91
2616,shoulders,358,102
2617,shoulders,247,94
2618,shoulders,253,91
2619,shoulders,224,114
2620,shoulders,219,121
2621,shoulders,266,100
2622,shoulders,274,91
2623,shoulders,278,78
2624,shoulders,273,97
2625,shoulders,266,116
2626,shoulders,324,79
2627,shoulders,330,109
2628,shoulders,356,137
2629,shoulders,367,159
2630,shoulders,382,191
2631,shoulders,386,206
2632,shoulders,390,215
2633,shoulders,391,222
2634,shoulders,377,183
2635,shoulders,229,151
2636,shoulders,234,144
2637,shoulders,216,206
2638,shoulders,212,208
2639,shoulders,210,210
2640,shoulders,212,219
2641,shoulders,208,227
2642,shoulders,221,184
2643,shoulders,227,174
2644,shoulders,232,161
2645,shoulders,235,149
2646,shoulders,227,185
2647,shoulders,232,197
2648,shoulders,218,223
2649,shoulders,209,233
2650,shoulders,390,231
2651,shoulders,381,215
2652,shoulders,393,238
2653,shoulders,391,243
2654,hands,206,292
2655,hands,202,297
2656,hands,202,302
2657,hands,200,304
2658,hands,197,309
2659,hands,196,313
2660,hands,201,306
2661,hands,203,312
2662,hands,203,314
2663,hands,204,318
2664,hands,203,323
2665,hands,204,327
2666,hands,205,330
2667,hands,204,334
2668,hands,212,338
2669,hands,212,334
2670,hands,211,328
2671,hands,211,325
2672,hands,211,320
2673,hands,211,317
2674,hands,211,313
2675,hands,209,312
2676,hands,205,311
2677,hands,210,312
2678,hands,217,314
2679,hands,217,316
2680,hands,220,316
2681,hands,220,318
2682,hands,220,322
2683,hands,220,325
2684,hands,220,328
2685,hands,221,331
2686,hands,221,335
2687,hands,223,310
2688,hands,225,316
2689,hands,226,318
2690,hands,227,321
2691,hands,228,325
2692,hands,226,310
2693,hands,226,314
2694,hands,226,307
2695,hands,227,305
2696,hands,227,300
2697,hands,226,295
2698,hands,225,292
2699,hands,224,291
2700,hands,219,288
2701,hands,217,287
2702,hands,214,286
2703,hands,210,282
2704,hands,211,280
2705,hands,209,285
2706,hands,211,290
2707,hands,211,294
2708,hands,209,298
2709,hands,210,300
2710,hands,213,300
2711,hands,207,304
2712,hands,206,297
2713,hands,208,304
2714,hands,209,307
2715,hands,215,309
2716,hands,216,303
2717,hands,213,305
2718,hands,219,311
2719,hands,221,307
2720,hands,220,301
2721,hands,220,296
2722,hands,218,294
2723,hands,218,290
2724,hands,222,293
2725,hands,223,288
2726,hands,224,282
2727,hands,224,281
2728,hands,224,278
2729,hands,220,282
2730,hands,216,279
2731,hands,215,278
2732,hands,221,277
2733,hands,224,274
2734,hands,375,274
2735,hands,379,281
2736,hands,382,284
2737,hands,377,286
2738,hands,376,289
2739,hands,377,293
2740,hands,377,297
2741,hands,375,299
2742,hands,372,301
2743,hands,372,305
2744,hands,373,310
2745,hands,372,314
2746,hands,372,317
2747,hands,373,326
2748,hands,379,338
2749,hands,380,331
2750,hands,379,327
2751,hands,379,325
2752,hands,379,320
2753,hands,380,317
2754,hands,373,320
2755,hands,378,314
2756,hands,379,313
2757,hands,381,319
2758,hands,383,323
2759,hands,380,333
2760,hands,386,319
2761,hands,386,324
2762,hands,386,326
2763,hands,386,328
2764,hands,387,334
2765,hands,388,337
2766,hands,389,328
2767,hands,388,324
2768,hands,388,318
2769,hands,388,316
2770,hands,392,317
2771,hands,395,319
2772,hands,395,323
2773,hands,396,325
2774,hands,397,329
2775,hands,398,332
2776,hands,398,335
2777,hands,397,314
2778,hands,396,313
2779,hands,395,307
2780,hands,394,307
2781,hands,390,310
2782,hands,387,311
2783,hands,384,310
2784,hands,382,313
2785,hands,376,304
2786,hands,380,306
2787,hands,389,307
2788,hands,394,307
2789,hands,400,310
2790,hands,402,309
2791,hands,403,310
2792,hands,404,311
2793,hands,405,313
2794,hands,405,316
2795,hands,401,303
2796,hands,401,299
2797,hands,398,294
2798,hands,394,291
2799,hands,391,288
2800,hands,389,284
2801,hands,389,283
2802,hands,382,281
2803,hands,379,279
2804,hands,387,280
2805,hands,388,279
2806,hands,380,276
2807,hands,388,288
2808,hands,387,292
2809,hands,376,296
2810,hands,382,300
2811,hands,390,302
2812,hands,386,293
2813,hands,389,282
2814,hands,389,277
2815,hands,389,272
2816,hands,391,267
2817,hands,390,272
2818,hands,392,285
2819,hands,385,290
2820,hands,383,296
2821,hands,394,298
2822,hands,394,300
2823,hands,390,298
2824,hands,385,301
2825,hands,382,303
2826,hands,380,292
2827,hands,381,289
2828,hands,374,292
2829,hands,376,301
2830,hands,379,306
2831,hands,382,309
2832,hands,391,306
2833,hands,397,305
2834,hands,395,299
2835,hands,215,277
2836,hands,211,274
2837,hands,210,269
2838,hands,209,265
2839,hands,215,273
2840,hands,219,275
2841,hands,221,272
2842,hands,226,268
2843,hands,227,269
2844,fingertips,195,313
2845,fingertips,203,336
2846,fingertips,203,331
2847,fingertips,210,338
2848,fingertips,213,336
2849,fingertips,213,338
2850,fingertips,219,338
2851,fingertips,220,334
2852,fingertips,222,335
2853,fingertips,227,327
2854,fingertips,226,323
2855,fingertips,228,328
2856,fingertips,373,326
2857,fingertips,371,322
2858,fingertips,372,328
2859,fingertips,377,339
2860,fingertips,378,337
2861,fingertips,379,334
2862,fingertips,380,339
2863,fingertips,387,337
2864,fingertips,388,332
2865,fingertips,389,336
2866,fingertips,398,337
2867,fingertips,398,332
2868,fingertips,398,330
2869,fingertips,405,315
2870,fingertips,404,308
2871,fingertips,405,315
2872,fingertips,405,312
2873,fingertips,405,318
2874,fingertips,197,309
2875,chest,306,130
2876,chest,306,137
2877,chest,297,137
2878,chest,300,129
2879,chest,304,132
2880,chest,301,134
2881,chest,292,126
2882,chest,294,121
2883,chest,291,127
2884,chest,285,132
2885,chest,283,135
2886,chest,281,142
2887,chest,283,146
2888,chest,296,151
2889,chest,300,147
2890,chest,310,133
2891,chest,315,145
2892,chest,319,155
2893,chest,323,157
2894,chest,324,157
2895,chest,330,161
2896,chest,335,164
2897,chest,326,166
2898,chest,318,162
2899,chest,312,149
2900,chest,313,140
2901,chest,318,137
2902,chest,319,137
2903,chest,330,153
2904,chest,335,156
2905,chest,318,155
2906,chest,303,151
2907,chest,293,153
2908,chest,288,156
2909,chest,282,159
2910,chest,277,161
2911,chest,266,158
2912,chest,266,157
2913,chest,284,149
2914,chest,290,139
2915,chest,295,138
2916,chest,291,147
2917,chest,300,146
2918,chest,314,142
2919,chest,320,149
2920,chest,324,145
2921,chest,328,137
2922,chest,317,130
2923,chest,311,123
2924,chest,309,116
2925,chest,299,122
2926,chest,289,121
2927,chest,284,123
2928,chest,277,126
2929,chest,274,126
2930,chest,270,122
2931,chest,267,129
2932,chest,267,135
2933,chest,265,143
2934,chest,262,145
2935,chest,259,132
2936,chest,260,130
2937,chest,251,133
2938,chest,253,137
2939,chest,259,151
2940,chest,267,146
2941,chest,274,141
2942,chest,274,132
2943,chest,275,142
2944,chest,273,149
2945,chest,280,149
2946,chest,285,142
2947,chest,294,142
2948,chest,295,131
2949,chest,288,118
2950,chest,276,113
2951,chest,269,121
2952,chest,261,127
2953,chest,287,121
2954,chest,292,117
2955,chest,296,114
2956,chest,302,111
2957,chest,305,108
2958,chest,314,119
2959,chest,318,116
2960,chest,298,105
2961,chest,291,100
2962,chest,283,110
2963,chest,281,102
2964,chest,300,104
2965,chest,309,104
2966,chest,320,119
2967,chest,327,118
2968,chest,339,124
2969,chest,331,135
2970,chest,333,140
2971,chest,335,145
2972,chest,341,137
2973,chest,342,131
2974,chest,331,128
2975,chest,327,130
2976,chest,328,113
2977,chest,322,107
2978,chest,319,112
2979,chest,322,121
2980,chest,334,119
2981,chest,345,123
2982,chest,334,132
2983,chest,341,137
2984,chest,341,145
2985,chest,342,148
2986,chest,327,160
2987,chest,309,155
2988,chest,303,146
2989,chest,289,154
2990,chest,285,160
2991,chest,278,163
2992,chest,267,162
2993,chest,261,163
2994,chest,265,151
2995,chest,290,142
2996,chest,343,157
2997,chest,346,162
2998,chest,345,150
2999,chest,341,141
3000,chest,329,119
3001,chest,312,106
3002,chest,312,101
3003,chest,333,107
3004,chest,337,114
3005,chest,339,117
3006,chest,296,108
3007,chest,285,109
3008,chest,272,104
3009,chest,263,128
3010,chest,252,147
3011,chest,256,153
3012,chest,254,161
3013,heart,314,126
3014,heart,310,131
3015,heart,309,135
3016,heart,312,141
3017,heart,315,139
3018,heart,319,133
3019,heart,324,139
3020,heart,316,145
3021,heart,315,152
3022,heart,303,142
3023,heart,308,146
3024,heart,309,143
3025,heart,311,154
3026,heart,312,157
3027,heart,319,163
3028,heart,312,163
3029,heart,312,157
3030,heart,319,151
3031,heart,321,150
3032,heart,326,161
3033,heart,328,149
3034,heart,316,144
3035,heart,306,140
3036,heart,308,150
3037,heart,314,147
3038,heart,309,152
3039,heart,318,157
3040,heart,321,158
3041,heart,321,150
3042,heart,321,145
3043,heart,309,140
3044,heart,307,130
3045,heart,307,124
3046,heart,309,118
3047,heart,310,117
3048,heart,312,125
3049,heart,318,132
3050,heart,322,132
3051,heart,328,136
3052,heart,327,138
3053,heart,327,143
3054,heart,328,148
3055,heart,331,154
3056,heart,305,133
3057,heart,304,136
3058,heart,304,145
3059,heart,304,152
3060,heart,307,156
3061,heart,326,158
3062,heart,326,153
3063,heart,318,139
3064,heart,314,136
3065,heart,325,144
3066,heart,331,146
3067,heart,334,157
3068,heart,327,158
3069,heart,319,127
3070,heart,333,139
3071,heart,332,146
3072,heart,325,157
3073,heart,328,164
3074,heart,324,166
3075,heart,320,166
3076,heart,321,171
3077,heart,326,171
3078,heart,305,119
3079,heart,312,121
3080,heart,305,127
3081,heart,301,144
3082,heart,301,150
3083,heart,307,156
3084,gut,288,218
3085,gut,291,233
3086,gut,286,229
3087,gut,287,231
3088,gut,284,238
3089,gut,289,240
3090,gut,299,245
3091,gut,303,248
3092,gut,308,239
3093,gut,313,232
3094,gut,309,224
3095,gut,308,216
3096,gut,301,210
3097,gut,300,204
3098,gut,307,196
3099,gut,307,191
3100,gut,310,196
3101,gut,314,205
3102,gut,319,215
3103,gut,319,198
3104,gut,320,194
3105,gut,308,193
3106,gut,302,185
3107,gut,298,191
3108,gut,293,200
3109,gut,290,206
3110,gut,287,211
3111,gut,283,214
3112,gut,279,219
3113,gut,278,223
3114,gut,279,229
3115,gut,289,234
3116,gut,295,234
3117,gut,297,222
3118,gut,299,219
3119,gut,302,228
3120,gut,300,238
3121,gut,315,237
3122,gut,313,248
3123,gut,306,235
3124,gut,301,224
3125,gut,293,223
3126,gut,289,226
3127,gut,284,221
3128,gut,293,210
3129,gut,298,212
3130,gut,314,221
3131,gut,315,228
3132,gut,317,239
3133,gut,308,241
3134,gut,290,242
3135,gut,285,245
3136,gut,281,241
3137,gut,297,223
3138,gut,303,205
3139,gut,301,193
3140,gut,307,205
3141,gut,319,225
3142,gut,319,235
3143,gut,315,244
3144,gut,303,249
3145,gut,292,247
3146,gut,290,252
3147,gut,302,253
3148,gut,306,258
3149,gut,323,248
3150,gut,323,242
3151,gut,322,231
3152,gut,321,220
3153,gut,300,211
3154,gut,287,206
3155,gut,281,205
3156,gut,274,211
3157,gut,273,219
3158,gut,271,228
3159,gut,266,214
3160,gut,262,226
3161,gut,263,235
3162,gut,261,240
3163,gut,269,249
3164,gut,285,249
3165,gut,293,258
3166,gut,323,251
3167,gut,329,245
3168,gut,334,240
3169,gut,329,231
3170,gut,336,223
3171,gut,339,209
3172,gut,341,224
3173,gut,340,245
3174,gut,330,218
3175,gut,320,208
3176,gut,287,197
3177,gut,281,196
3178,gut,273,198
3179,gut,264,202
3180,gut,288,196
3181,gut,299,202
3182,gut,306,208
3183,gut,299,218
3184,gut,305,223
3185,gut,309,230
3186,gut,293,239
3187,gut,284,238
3188,gut,275,237
3189,gut,275,249
3190,gut,270,258
3191,gut,345,247
3192,gut,331,203
3193,gut,339,195
3194,gut,306,213
3195,gut,318,224
3196,gut,317,235
3197,gut,309,241
3198,gut,315,241
3199,gut,314,220
3200,gut,309,216
3201,gut,293,216
3202,gut,294,193
3203,gut,286,191
3204,gut,294,214
3205,gut,283,218
3206,gut,270,227
3207,gut,278,238
3208,gut,292,237
3209,gut,307,237
3210,gut,311,248
3211,gut,308,250
3212,gut,293,244
3213,gut,280,239
3214,gut,276,242
3215,gut,278,235
3216,gut,290,232
3217,gut,307,225
3218,gut,311,217
3219,gut,313,212
3220,gut,322,228
3221,gut,328,230
3222,gut,327,218
3223,gut,327,212
3224,gut,329,212
3225,gut,332,213
3226,gut,311,227
3227,gut,302,232
3228,gut,298,229
3229,gut,302,245
3230,gut,303,217
3231,gut,303,203
3232,gut,299,200
3233,gut,288,210
3234,gut,281,209
3235,gut,281,212
3236,gut,319,203
3237,gut,323,203
3238,gut,329,217
3239,gut,331,235
3240,gut,327,239
3241,gut,322,244
3242,gut,319,248
3243,gut,331,220
3244,gut,331,231
3245,gut,337,235
3246,heart,303,110
3247,heart,319,119
3248,heart,328,128
3249,heart,299,135
3250,heart,297,159
3251,heart,309,163
3252,heart,333,163
3253,heart,332,174
3254,heart,324,176
3255,feet,265,571
3256,feet,260,577
3257,feet,258,583
3258,feet,257,586
3259,feet,257,579
3260,feet,259,571
3261,feet,264,561
3262,feet,263,567
3263,feet,266,557
3264,feet,267,550
3265,feet,269,550
3266,feet,272,554
3267,feet,272,558
3268,feet,268,564
3269,feet,269,570
3270,feet,266,576
3271,feet,264,579
3272,feet,264,583
3273,feet,263,588
3274,feet,268,589
3275,feet,271,585
3276,feet,277,589
3277,feet,277,591
3278,feet,280,591
3279,feet,282,585
3280,feet,283,583
3281,feet,283,575
3282,feet,284,584
3283,feet,281,578
3284,feet,275,581
3285,feet,272,577
3286,feet,269,574
3287,feet,268,580
3288,feet,272,569
3289,feet,277,577
3290,feet,279,582
3291,feet,278,566
3292,feet,276,569
3293,feet,279,570
3294,feet,281,568
3295,feet,282,560
3296,feet,285,570
3297,feet,284,562
3298,feet,274,562
3299,feet,277,557
3300,feet,278,552
3301,feet,279,548
3302,feet,281,547
3303,feet,282,551
3304,feet,283,555
3305,feet,282,545
3306,feet,282,539
3307,feet,281,536
3308,feet,278,541
3309,feet,274,546
3310,feet,272,543
3311,feet,269,542
3312,feet,265,542
3313,feet,271,536
3314,feet,275,533
3315,feet,277,531
3316,feet,279,527
3317,feet,280,524
3318,feet,282,513
3319,feet,281,527
3320,feet,281,532
3321,feet,321,517
3322,feet,320,524
3323,feet,320,530
3324,feet,319,537
3325,feet,319,542
3326,feet,318,547
3327,feet,318,551
3328,feet,318,555
3329,feet,318,561
3330,feet,318,566
3331,feet,318,570
3332,feet,318,573
3333,feet,317,577
3334,feet,318,585
3335,feet,320,587
3336,feet,322,583
3337,feet,325,582
3338,feet,326,586
3339,feet,323,588
3340,feet,321,592
3341,feet,326,590
3342,feet,329,587
3343,feet,333,589
3344,feet,334,589
3345,feet,338,588
3346,feet,339,584
3347,feet,341,583
3348,feet,344,586
3349,feet,344,583
3350,feet,345,578
3351,feet,344,573
3352,feet,339,571
3353,feet,336,577
3354,feet,333,579
3355,feet,329,578
3356,feet,327,574
3357,feet,324,565
3358,feet,323,572
3359,feet,326,573
3360,feet,328,569
3361,feet,324,560
3362,feet,323,555
3363,feet,323,547
3364,feet,323,542
3365,feet,322,530
3366,feet,324,535
3367,feet,329,540
3368,feet,326,553
3369,feet,329,554
3370,feet,332,548
3371,feet,336,548
3372,feet,333,556
3373,feet,332,559
3374,feet,334,566
3375,feet,336,567
3376,feet,334,570
3377,feet,335,570
3378,feet,335,562
3379,feet,337,557
3380,feet,338,563
3381,feet,339,566
3382,feet,324,562
3383,feet,329,565
3384,feet,336,581
3385,feet,333,583
3386,feet,321,578
3387,feet,337,553
3388,feet,337,540
3389,feet,333,544
3390,feet,327,546
3391,feet,263,513
3392,feet,265,521
3393,feet,265,529
3394,feet,269,529
3395,feet,271,532
3396,feet,266,537
3397,feet,330,535
3398,feet,334,531
3399,feet,337,528
3400,feet,339,520
3401,feet,341,512
3402,feet,336,530
3403,feet,336,536
3404,toes,256,585
3405,toes,259,583
3406,toes,262,588
3407,toes,267,588
3408,toes,269,585
3409,toes,273,589
3410,toes,278,591
3411,toes,279,589
3412,toes,282,587
3413,toes,284,586
3414,toes,279,584
3415,toes,283,582
3416,toes,317,583
3417,toes,317,587
3418,toes,317,590
3419,toes,320,590
3420,toes,323,592
3421,toes,324,588
3422,toes,330,589
3423,toes,337,589
3424,toes,341,586
3425,toes,344,586
3426,toes,346,582
3427,toes,346,578
3428,toes,335,586
3429,eyes,292,34
3430,eyes,290,37
3431,eyes,293,39
3432,eyes,296,35
3433,eyes,297,37
3434,eyes,298,41
3435,eyes,291,40
3436,eyes,287,42
3437,eyes,285,32
3438,eyes,285,37
3439,eyes,281,40
3440,eyes,309,35
3441,eyes,305,37
3442,eyes,305,40
3443,eyes,309,42
3444,eyes,310,37
3445,eyes,307,32
3446,eyes,311,33
3447,eyes,313,36
3448,eyes,315,38
3449,eyes,319,33
3450,eyes,321,37
3451,eyes,314,41
3452,lips,297,55
3453,lips,296,57
3454,lips,299,59
3455,lips,304,58
3456,lips,307,57
3457,lips,302,57
3458,lips,294,57
3459,lips,293,59
3460,lips,298,62
3461,lips,302,62
3462,lips,305,61
3463,lips,310,59
3464,lips,294,63
3465,lips,307,66
3466,lips,299,65
3467,lips,308,62
3468,lips,296,66
3469,lips,302,64
3470,bloodstream,306,137
3471,bloodstream,306,153
3472,bloodstream,308,145
3473,bloodstream,313,160
3474,bloodstream,299,168
3475,bloodstream,324,148
3476,bloodstream,308,148
3477,bloodstream,290,140
3478,bloodstream,310,151
3479,bloodstream,310,124
3480,bloodstream,288,124
3481,bloodstream,258,119
3482,bloodstream,252,111
3483,bloodstream,241,119
3484,bloodstream,241,126
3485,bloodstream,240,132
3486,bloodstream,237,141
3487,bloodstream,223,160
3488,bloodstream,223,179
3489,bloodstream,223,197
3490,bloodstream,225,206
3491,bloodstream,225,217
3492,bloodstream,225,240
3493,bloodstream,217,251
3494,bloodstream,217,263
3495,bloodstream,218,267
3496,bloodstream,220,274
3497,bloodstream,223,278
3498,bloodstream,221,284
3499,bloodstream,217,289
3500,bloodstream,217,295
3501,bloodstream,216,300
3502,bloodstream,213,304
3503,bloodstream,209,307
3504,bloodstream,206,311
3505,bloodstream,216,306
3506,bloodstream,218,311
3507,bloodstream,220,319
3508,bloodstream,220,296
3509,bloodstream,223,301
3510,bloodstream,225,307
3511,bloodstream,217,257
3512,bloodstream,216,248
3513,bloodstream,220,247
3514,bloodstream,223,244
3515,bloodstream,227,237
3516,bloodstream,228,230
3517,bloodstream,227,225
3518,bloodstream,226,216
3519,bloodstream,226,209
3520,bloodstream,225,201
3521,bloodstream,223,192
3522,bloodstream,223,186
3523,bloodstream,223,181
3524,bloodstream,223,176
3525,bloodstream,223,169
3526,bloodstream,223,165
3527,bloodstream,224,161
3528,bloodstream,226,154
3529,bloodstream,231,143
3530,bloodstream,236,137
3531,bloodstream,238,131
3532,bloodstream,240,124
3533,bloodstream,240,118
3534,bloodstream,248,111
3535,bloodstream,238,114
3536,bloodstream,237,118
3537,bloodstream,235,119
3538,bloodstream,229,122
3539,bloodstream,226,123
3540,bloodstream,250,109
3541,bloodstream,256,110
3542,bloodstream,259,114
3543,bloodstream,262,115
3544,bloodstream,269,117
3545,bloodstream,276,121
3546,bloodstream,246,137
3547,bloodstream,253,134
3548,bloodstream,260,133
3549,bloodstream,264,133
3550,bloodstream,269,135
3551,bloodstream,279,136
3552,bloodstream,289,136
3553,bloodstream,298,135
3554,bloodstream,306,135
3555,bloodstream,314,140
3556,bloodstream,309,146
3557,bloodstream,304,153
3558,bloodstream,308,158
3559,bloodstream,313,165
3560,bloodstream,315,174
3561,bloodstream,317,183
3562,bloodstream,322,194
3563,bloodstream,326,199
3564,bloodstream,328,206
3565,bloodstream,330,215
3566,bloodstream,331,222
3567,bloodstream,333,228
3568,bloodstream,335,238
3569,bloodstream,340,251
3570,bloodstream,342,269
3571,bloodstream,342,279
3572,bloodstream,342,294
3573,bloodstream,342,304
3574,bloodstream,342,316
3575,bloodstream,344,328
3576,bloodstream,340,258
3577,bloodstream,340,264
3578,bloodstream,340,270
3579,bloodstream,342,281
3580,bloodstream,342,289
3581,bloodstream,344,314
3582,bloodstream,345,321
3583,bloodstream,345,331
3584,bloodstream,346,340
3585,bloodstream,347,345
3586,bloodstream,348,353
3587,bloodstream,348,360
3588,bloodstream,348,368
3589,bloodstream,348,377
3590,bloodstream,348,386
3591,bloodstream,349,394
3592,bloodstream,349,402
3593,bloodstream,348,408
3594,bloodstream,347,415
3595,bloodstream,347,422
3596,bloodstream,347,429
3597,bloodstream,348,435
3598,bloodstream,347,440
3599,bloodstream,346,449
3600,bloodstream,345,457
3601,bloodstream,345,464
3602,bloodstream,343,471
3603,bloodstream,341,479
3604,bloodstream,340,487
3605,bloodstream,339,496
3606,bloodstream,338,505
3607,bloodstream,338,513
3608,bloodstream,336,521
3609,bloodstream,336,526
3610,bloodstream,335,532
3611,bloodstream,333,548
3612,bloodstream,332,555
3613,bloodstream,328,564
3614,bloodstream,325,570
3615,bloodstream,323,580
3616,bloodstream,327,562
3617,bloodstream,329,566
3618,bloodstream,331,573
3619,bloodstream,345,439
3620,bloodstream,347,447
3621,bloodstream,346,454
3622,bloodstream,341,460
3623,bloodstream,336,473
3624,bloodstream,333,478
3625,bloodstream,330,483
3626,bloodstream,326,487
3627,bloodstream,324,491
3628,bloodstream,323,495
3629,bloodstream,324,505
3630,bloodstream,324,509
3631,bloodstream,323,514
3632,bloodstream,343,335
3633,bloodstream,342,346
3634,bloodstream,342,351
3635,bloodstream,337,364
3636,bloodstream,334,371
3637,bloodstream,330,380
3638,bloodstream,327,385
3639,bloodstream,325,393
3640,bloodstream,324,400
3641,bloodstream,323,408
3642,bloodstream,322,415
3643,bloodstream,322,420
3644,bloodstream,321,426
3645,bloodstream,322,413
3646,bloodstream,324,399
3647,bloodstream,326,382
3648,bloodstream,338,350
3649,bloodstream,339,343
3650,bloodstream,341,351
3651,bloodstream,340,360
3652,bloodstream,338,246
3653,bloodstream,337,235
3654,bloodstream,315,189
3655,bloodstream,317,204
3656,bloodstream,315,219
3657,bloodstream,310,226
3658,bloodstream,301,238
3659,bloodstream,290,253
3660,bloodstream,283,265
3661,bloodstream,278,278
3662,bloodstream,276,291
3663,bloodstream,276,302
3664,bloodstream,274,312
3665,bloodstream,264,329
3666,bloodstream,260,338
3667,bloodstream,258,345
3668,bloodstream,256,356
3669,bloodstream,255,365
3670,bloodstream,253,376
3671,bloodstream,253,388
3672,bloodstream,253,396
3673,bloodstream,253,404
3674,bloodstream,253,413
3675,bloodstream,254,420
3676,bloodstream,255,433
3677,bloodstream,254,446
3678,bloodstream,255,457
3679,bloodstream,257,467
3680,bloodstream,260,477
3681,bloodstream,261,485
3682,bloodstream,263,493
3683,bloodstream,264,500
3684,bloodstream,316,204
3685,bloodstream,317,212
3686,bloodstream,317,214
3687,bloodstream,314,218
3688,bloodstream,311,225
3689,bloodstream,306,232
3690,bloodstream,304,237
3691,bloodstream,300,244
3692,bloodstream,297,248
3693,bloodstream,293,252
3694,bloodstream,289,259
3695,bloodstream,286,263
3696,bloodstream,283,271
3697,bloodstream,282,278
3698,bloodstream,279,288
3699,bloodstream,276,295
3700,bloodstream,276,303
3701,bloodstream,273,316
3702,bloodstream,270,320
3703,bloodstream,264,330
3704,bloodstream,266,324
3705,bloodstream,261,338
3706,bloodstream,258,349
3707,bloodstream,257,352
3708,bloodstream,254,358
3709,bloodstream,254,365
3710,bloodstream,254,371
3711,bloodstream,254,378
3712,bloodstream,253,386
3713,bloodstream,254,390
3714,bloodstream,254,424
3715,bloodstream,255,431
3716,bloodstream,254,436
3717,bloodstream,254,441
3718,bloodstream,256,445
3719,bloodstream,255,456
3720,bloodstream,257,465
3721,bloodstream,258,472
3722,bloodstream,264,503
3723,bloodstream,265,507
3724,bloodstream,266,510
3725,bloodstream,267,513
3726,bloodstream,267,517
3727,bloodstream,268,522
3728,bloodstream,268,526
3729,bloodstream,268,533
3730,bloodstream,270,536
3731,bloodstream,272,540
3732,bloodstream,270,547
3733,bloodstream,268,554
3734,bloodstream,268,562
3735,bloodstream,267,567
3736,bloodstream,266,570
3737,bloodstream,264,574
3738,bloodstream,261,580
3739,bloodstream,272,560
3740,bloodstream,272,565
3741,bloodstream,273,569
3742,bloodstream,274,573
3743,bloodstream,276,580
3744,bloodstream,277,584
3745,bloodstream,259,456
3746,bloodstream,262,462
3747,bloodstream,266,468
3748,bloodstream,269,474
3749,bloodstream,271,482
3750,bloodstream,272,487
3751,bloodstream,273,491
3752,bloodstream,275,499
3753,bloodstream,276,504
3754,bloodstream,277,511
3755,bloodstream,279,515
3756,bloodstream,280,519
3757,bloodstream,262,353
3758,bloodstream,263,360
3759,bloodstream,266,366
3760,bloodstream,268,375
3761,bloodstream,269,381
3762,bloodstream,271,385
3763,bloodstream,272,391
3764,bloodstream,274,396
3765,bloodstream,275,401
3766,bloodstream,275,406
3767,bloodstream,275,415
3768,bloodstream,276,421
3769,bloodstream,277,426
3770,bloodstream,277,435
3771,bloodstream,278,438
3772,bloodstream,322,137
3773,bloodstream,328,134
3774,bloodstream,333,130
3775,bloodstream,336,127
3776,bloodstream,340,125
3777,bloodstream,345,126
3778,bloodstream,348,128
3779,bloodstream,354,133
3780,bloodstream,358,140
3781,bloodstream,363,149
3782,bloodstream,367,157
3783,bloodstream,369,164
3784,bloodstream,370,170
3785,bloodstream,347,122
3786,bloodstream,351,118
3787,bloodstream,353,115
3788,bloodstream,356,114
3789,bloodstream,360,113
3790,bloodstream,366,114
3791,bloodstream,371,117
3792,bloodstream,314,128
3793,bloodstream,312,123
3794,bloodstream,307,110
3795,bloodstream,306,101
3796,bloodstream,304,89
3797,bloodstream,302,83
3798,bloodstream,302,74
3799,bloodstream,301,66
3800,bloodstream,302,60
3801,bloodstream,303,55
3802,bloodstream,307,48
3803,bloodstream,309,42
3804,bloodstream,312,111
3805,bloodstream,311,101
3806,bloodstream,312,88
3807,bloodstream,312,77
3808,bloodstream,314,68
3809,bloodstream,315,58
3810,bloodstream,318,47
3811,bloodstream,319,40
3812,bloodstream,319,34
3813,bloodstream,316,21
3814,bloodstream,313,15
3815,bloodstream,308,11
3816,bloodstream,301,51
3817,bloodstream,298,44
3818,bloodstream,289,35
3819,bloodstream,286,28
3820,bloodstream,286,21
3821,bloodstream,286,16
3822,bloodstream,370,164
3823,bloodstream,369,176
3824,bloodstream,369,181
3825,bloodstream,366,195
3826,bloodstream,364,204
3827,bloodstream,364,213
3828,bloodstream,365,229
3829,bloodstream,367,237
3830,bloodstream,369,244
3831,bloodstream,372,253
3832,bloodstream,365,222
3833,bloodstream,364,208
3834,bloodstream,365,190
3835,bloodstream,367,181
3836,bloodstream,372,254
3837,bloodstream,376,262
3838,bloodstream,378,267
3839,bloodstream,381,273
3840,bloodstream,382,280
3841,bloodstream,382,287
3842,bloodstream,378,295
3843,bloodstream,378,301
3844,bloodstream,377,313
3845,bloodstream,383,294
3846,bloodstream,384,298
3847,bloodstream,387,304
3848,bloodstream,389,307
3849,bloodstream,392,311
3850,bloodstream,394,316
3851,bloodstream,397,321
3852,bloodstream,367,201
3853,bloodstream,369,206
3854,bloodstream,379,225
3855,bloodstream,381,229
3856,bloodstream,384,237
3857,bloodstream,386,244
3858,bloodstream,387,251
3859,bloodstream,389,259
3860,bloodstream,391,263
3861,bloodstream,376,222
3862,bloodstream,373,216
3863,bloodstream,369,208
3864,bloodstream,368,188
3865,bloodstream,232,230
3866,bloodstream,233,232
3867,bloodstream,233,241
3868,bloodstream,234,244
3869,bloodstream,227,146
3870,bloodstream,276,410
3871,bloodstream,277,431
3872,bloodstream,280,444
3873,bloodstream,322,432
3874,bloodstream,331,376
3875,bloodstream,317,200
3876,bloodstream,292,129
3877,bloodstream,297,133
3878,bloodstream,303,136
3879,bloodstream,280,125
3880,bloodstream,260,118
3881,bloodstream,246,113
3882,bloodstream,237,109
3883,bloodstream,232,111
3884,bloodstream,231,114
3885,bloodstream,364,109
3886,bloodstream,369,111
3887,bloodstream,373,115
3888,bloodstream,377,122
3889,bloodstream,380,126